Recency_Scaled,Frequency_Scaled,Monetary_Scaled,Cluster,Segment
0.0052154165190990715,-0.04868727069845751,-0.056226658645174316,0,Regular Customers
-0.8649567703982646,8.074596586605685,9.324975079922769,1,Loyal Customers
